1.300000,1.250000xOptimal,1.200000xOptimal,1.150000xOptimal,1.100000xOptimal,1.050000xOptimal,1.000000xOptimal,BestFoundIn,BestResultOptimality
0.005522,0.005522,0.005522,0.005522,0.006799,-1,-10.011254,1.07056
0.005013,0.005013,0.005013,0.005013,-1,-1,-10.005013,1.11047
0.009392,0.009392,0.009392,0.009392,0.030441,0.030441,-10.030441,1.04997
0.008916,0.008916,0.008916,0.008916,-1,-1,-10.008916,1.10802
0.00867,0.00867,0.00867,0.00867,-1,-1,-10.00867,1.10802
