1.400000xOptimal,1.350000xOptimal,1.325000xOptimal,1.300000xOptimal,1.275000xOptimal,1.250000xOptimal,1.225000xOptimal,1.200000xOptimal,1.175000xOptimal,1.150000xOptimal,1.125000xOptimal,1.100000xOptimal,1.075000xOptimal,1.050000xOptimal,1.025000xOptimal,1.000000xOptimal,BestFoundIn,BestResultOptimality
#Baseline:
#alpha=1,beta=5,rho=0.1,numCities=52,q_0=0.7,epsilon=0.1
0:735,0:349,0:572,0:654,0:4634,0:1160,0:1075,0:1790,0:1356,0:948,0:673,0.691275:362,0.694175:445,0.704676:171,1.67842:23,-1:0,1.77239,1.01421
0:82,0:125,0:215,0:470,0:575,0:621,0:1319,0:2149,0:1774,0:4252,0:3139,0.299625:193,0.353568:59,0.52198:4,-1:0,-1:0,0.909948,1.04027
0:300,0:271,0:639,0:748,0:729,0:806,0:1381,0:3842,0:4028,0:411,0:1700,1.16364:27,1.39633:1,-1:0,-1:0,-1:0,1.39633,1.0677
0:0,0:0,0:0,0:0,0:0,0:345,0:0,0:14655,0:0,0:0,0:0,-1:0,-1:0,-1:0,-1:0,-1:0,0,1.11866
0:89,0:109,0:199,0:305,0:988,0:1391,0:1078,0:603,0:453,0:9699,0:46,1.34096:17,1.70148:1,-1:0,-1:0,-1:0,1.70148,1.05736
