1.400000xOptimal,1.350000xOptimal,1.325000xOptimal,1.300000xOptimal,1.275000xOptimal,1.250000xOptimal,1.225000xOptimal,1.200000xOptimal,1.175000xOptimal,1.150000xOptimal,1.125000xOptimal,1.100000xOptimal,1.075000xOptimal,1.050000xOptimal,1.025000xOptimal,1.000000xOptimal,BestFoundIn,BestResultOptimality
#Test parameters:
#alpha=1,beta=5,rho=0.1,numCities=4461,elitism=4461
0:1,0:9,0:24,0:54,0:70,0:205,0:3075,-1:0,-1:0,-1:0,-1:0,-1:0,-1:0,-1:0,-1:0,-1:0,715.43,1.22132
0:2,0:12,0:25,0:30,0:41,0:105,0:3004,-1:0,-1:0,-1:0,-1:0,-1:0,-1:0,-1:0,-1:0,-1:0,264.899,1.22453
